0	那您在无锡有房产吗？	啊。	9
1	您好，我这边是做银行信用贷款和抵押贷款的，月息在6厘左右，请问您有资金需求吗？	你哪个银行贷款的？	5
2	是这样的，我们这边是专业办理银行信用贷款和抵押贷款的，您有资金需求吗？我给您简单介绍一下可以吧？	你这个怎么办呢？需要什么东西呀。	10
3	现在都很简单的，不管你是抵押还是信用贷款，您带好身份证到我们公司来，我们会有专门的客户经理帮您办的	嗯，你那个贷款得学多长时间能下来，快来了哟。	6
5	您好，我这边是做银行信用贷款和抵押贷款的，月息在6厘左右，请问您有资金需求吗？	那么高的就行。	4
6	每个贷款产品的利息和要求都不一样的，利息一般都是在6厘左右，具体利息还是要根据个人资质来定。	哎呀，你怎么这样呢。	10
7	谁都有急用钱的时候，提前了解一下这方面的信息也是好的嘛！	要什么资料呢。	10
9	谁都有急用钱的时候，提前了解一下这方面的信息也是好的嘛！	嗯，这样好是好，在一起太贵了。	4
15	您好，我这边是做银行信用贷款和抵押贷款的，月息在6厘左右，请问您有资金需求吗？	今晚怎么样弄啊。	10
19	要不这样吧，您来我们公司我们会有专业的客户经理给您做一下详细借款匹配计划，具体时间我让他打电话跟您约一下好吗？	这个有什么要求？没有什么条件吗？	10
20	现在都很简单的，不管你是抵押还是信用贷款，您带好身份证到我们公司来，我们会有专门的客户经理帮您办的	什么条件都行。	10
22	您好，我这边是做银行信用贷款和抵押贷款的，月息在6厘左右，请问您有资金需求吗？	嗯，怎么才能在我这边坐着不舒服？	10
26	要不这样吧，您来我们公司我们会有专业的客户经理给您做一下详细借款匹配计划，具体时间我让他打电话跟您约一下好吗？	下，那你能给我介绍个你给我介绍一下。	10
33	嗯，我这边没听清楚，您要么再说一遍？	说话。	9
34	您好，我这边是做银行信用贷款的，您资金方面有需求吗？	做。	9
35	那我简单问一下哦，您不要介意（停顿2秒）您目前是上班呢还是自己做生意的？	啊。	9
36	您好，我这边是做银行信用贷款的，请问您近期有资金需求吗？	谁呀。	5
39	是这样，我们这边是专业办理银行无抵押信用贷款的，您有资金需求吗？我给您简单介绍一下	怎么样啊。	5
48	您可以稍微了解下么，我们这边也都是正规银行的，下款非常快，而且额度高利息低。	你就知道。	4
55	额，是这样子的，我们这边都是正规银行的，下款速度快，贷款额度高而且利息低，您稍微了解下也是没有坏处的，您说对吧	打扫好了，我叫他给你打过去吧。	2
56	哦您在台州有房产吗?	哦，回头给你找邮箱，有事情做好了。	2
57	哦，那我这边先发个短信给你，您先做个了解，等您方便的时候我们可以联系的	嗯好啊。	2
71	稍等下，信号不好，您刚说的什么啊？	喂。	9
73	您好，我这边是做银行信用贷款的，请问您近期有资金需求吗？	啊。	9
75	您好，我这边是做银行信用贷款的，请问您近期有资金需求吗？	你现在银行贷款有没有利息呢。	4
107	稍等下，信号不好，您刚说的什么啊？	你什么银行？	5
108	是这样，我们这边是专业办理银行无抵押信用贷款的，您有资金需求吗？我给您简单介绍一下	你介绍一下。	10
111	好的，您这边的情况我大概了解了，您看这样子好不好，稍后让我们贷款专员亲自给您回个电话，帮你做一个具体的操作方案怎么样？	你是什么银行的？	5
112	额，我们这边是和台州银行合作的	你多大？	4
141	您好，我这边是做银行信用贷款的，您资金方面有需求吗？	在忙什么啊。	9
144	额，是这样子的，我们这边都是正规银行的，下款速度快，贷款额度高而且利息低，您稍微了解下也是没有坏处的，您说对吧	那个女的够不够啊。	4
148	您最近有空吗？我让公司的贷款专员给您回个电话，帮你做一个具体的操作方案,您看怎么样！	那公司在哪里了？	3
152	额，是这样子的，我们这边都是正规银行的，下款速度快，贷款额度高而且利息低，您稍微了解下也是没有坏处的，您说对吧	金辉，你有什么理由啊？你懂什么你要跟你合照的。	5
169	您好，我这边是做银行信用贷款的，请问您近期有资金需求吗？	咱妈。	9
173	您好，我这边是做银行信用贷款的，您资金方面有需求吗？	啊。	9
175	那您的工资是打卡还是发现金呢?	啊。	9
177	您好，我这边是做银行信用贷款的，请问您近期有资金需求吗？	喂。	9
188	您好，我这边是做银行信用贷款的，您资金方面有需求吗？	啊。	9
209	您可以稍微了解下么，我们这边也都是正规银行的，下款非常快，而且额度高利息低。	利率。	4
212	您看这样好不好，我稍后让公司的贷款专员给您回个电话,帮你做一个具体的操作方案.	嗯，你说的你好，不知道你去啊，你是泰国人就不用打了。	5
215	稍等下，信号不好，您刚说的什么啊？	你个猪，你给我打个字是什么？	9
216	我觉得这些问题噢,还是让公司的贷款专员为你解答会更好点，要不我稍后先让贷款专员给您回个电话，您看怎么样？	打个电话。	3
217	嗯，我这边没听清楚，您要么再说一遍？	你做什么的呢。	5
219	您要不考虑一下，我们这边是正规银行，利息低,额度高,您要是有需要的话，我们可以安排贷款专员为您服务的.	你到底借多少？	4
220	嗯，我这边没听清楚，您要么再说一遍？	你的利率多少？	4
222	稍等下，信号不好，您刚说的什么啊？	我都没动手打你的力度吧。	4
228	您可以稍微了解下么，我们这边也都是正规银行的，下款非常快，而且额度高利息低。	那就更好了。	4
229	那我简单问一下哦，您不要介意（停顿2秒）您目前是上班呢还是自己做生意的？	啊。	9
230	哦您在台州有房产吗?	啊。	9
234	您好，我这边是做银行信用贷款的，请问您近期有资金需求吗？	什么鬼呀。	10
235	是这样，我们这边是专业办理银行无抵押信用贷款的，您有资金需求吗？我给您简单介绍一下	我喂有事哎。	10
236	您可以稍微了解下么，我们这边也都是正规银行的，下款非常快，而且额度高利息低。	嗯什么地方啊。	5
245	嗯，我这边没听清楚，您要么再说一遍？	你现在在哪里？你这个地方在哪里？	8
247	您好，我这边是做银行信用贷款的，您资金方面有需求吗？	哦，我自己也是想会会他。	13
248	嗯，我这边没听清楚，您要么再说一遍？	哦，我说我自己也做小孩子，价格太贵了，你又不需要的时候也可以到我这边来，让他给你照。	13
255	嗯，我这边没听清楚，您要么再说一遍？	有什么事啊。	9
272	额，是这样子的，我们这边都是正规银行的，下款速度快，贷款额度高而且利息低，您稍微了解下也是没有坏处的，您说对吧	可以搞一百个亿，有没有？	3
274	看您也是比较感兴趣的，要不这样吧，稍后我让贷款专员给您回电话深入沟通一下，帮您做一个具体的操作方案，你看可以吧？	我不要，我要除以等于你们公司有没有，没有就不要说好吧。	3
284	您可以稍微了解下么，我们这边也都是正规银行的，下款非常快，而且额度高利息低。	我要这两个月啊，怎么样？	3
291	哦您在台州有房产吗?	你那里？	5
293	不好意思不好意思，我这边也是新来的，也不是很了解！	你现在离你真的知道我姐好吗？	12
294	好的，您这边的情况我大概了解了，您看这样子好不好，稍后让我们贷款专员亲自给您回个电话，帮你做一个具体的操作方案怎么样？	没吃了几条肉饺子。	12
299	您好，我这边是做银行信用贷款的，您资金方面有需求吗？	怎么隐瞒呢。	5
300	稍等下，信号不好，您刚说的什么啊？	我说你是什么银行？	5
304	您好，我这边是做银行信用贷款的，请问您近期有资金需求吗？	你是男人男人一样吗？	5
305	是这样，我们这边是专业办理银行无抵押信用贷款的，您有资金需求吗？我给您简单介绍一下	我和那个人在福建。	8
306	这些问题噢，我稍后让我们贷款专员给您回个电话详细介绍一下，您看怎么样！	干什么啊？银行贷款再揭700万吧。	3
307	额，是这样的，我们公司这边是主要做线上理财以及线下贷款的金融公司，您如果有资金方面的需求，我们可以为您提供服务	那个利息都涨了吗？	4
308	是这样的，这个我们是要先了解下您的个人具体情况，比如说：看到您的征信才能确定您的贷款最低利息能到哪里，想必这您也知道，每个银行以及小贷公司的利息是不相同的。	那个我高利贷借过来干嘛吗？	10
310	您可以稍微了解下么，我们这边也都是正规银行的，下款非常快，而且额度高利息低。	你激动啥呀。	4
319	您好，我这边是做银行信用贷款的，请问您近期有资金需求吗？	嗯，我都是借给别人的。	13
322	嗯，我这边没听清楚，您要么再说一遍？	你什么事啊。	9
329	您好，我这边是做银行信用贷款的，请问您近期有资金需求吗？	啊。	9
330	您好，我这边是做银行信用贷款的，请问您近期有资金需求吗？	我这个需求很多啊，当时我黑名单了，不能贷款。	10
339	您好，我这边是做银行信用贷款的，您资金方面有需求吗？	你。	5
364	您好，我这边是做银行信用贷款的，您资金方面有需求吗？	啊。	9
372	您好，我这边是做银行信用贷款的，请问您近期有资金需求吗？	啊。	9
379	额，是这样子的，我们这边都是正规银行的，下款速度快，贷款额度高而且利息低，您稍微了解下也是没有坏处的，您说对吧	哎呀，我了解一下，到底有什么抵押的错。	10
386	您好，我这边是做银行信用贷款的，请问您近期有资金需求吗？	喂。	9
397	那我简单问一下哦，您不要介意（停顿2秒）您目前是上班呢还是自己做生意的？	你是哪里的？	8
398	台州温岭光明大厦26楼，这个晚上我可能把地址发到您的短信上，上面呢也有我的联系方式	你是做什么的？	5
401	您可以稍微了解下么，我们这边也都是正规银行的，下款非常快，而且额度高利息低。	那是多少啊。	4
402	稍等下，信号不好，您刚说的什么啊？	信息那是多少啊。	4
419	您可以稍微了解下么，我们这边也都是正规银行的，下款非常快，而且额度高利息低。	利率是多少？	4
428	您好，我这边是做银行信用贷款的，请问您近期有资金需求吗？	反正他在哪干都出来了。	10
441	您好，我这边是做银行信用贷款的，请问您近期有资金需求吗？	啊。	9
443	哦您在台州有房产吗?	啊。	9
449	您好，我这边是做银行信用贷款的，您资金方面有需求吗？	你好啊。	9
451	您好，我这边是做银行信用贷款的，请问您近期有资金需求吗？	喂。	9
458	您好，我这边是做银行信用贷款的，请问您近期有资金需求吗？	我已经删了，还可以带吗？	10
465	您好，我这边是做银行信用贷款的，您资金方面有需求吗？	喂。	9
468	您好，我这边是做银行信用贷款的，请问您近期有资金需求吗？	是吗？	9
473	您可以稍微了解下么，我们这边也都是正规银行的，下款非常快，而且额度高利息低。	哪里呀。	3
474	是这样，我们这边是专业办理银行无抵押信用贷款的，您有资金需求吗？我给您简单介绍一下	那你梦里还是什么地方？	3
482	稍等下，信号不好，您刚说的什么啊？	我说，嗯，我这里信号不太好。	9
495	您可以稍微了解下么，我们这边也都是正规银行的，下款非常快，而且额度高利息低。	那你哪个银行啊。	5
506	您好，我这边是做银行信用贷款的，请问您近期有资金需求吗？	这什么银行啊。	5
508	额，是这样子的，我们这边都是正规银行的，下款速度快，贷款额度高而且利息低，您稍微了解下也是没有坏处的，您说对吧	等下帮你发给你发给我看一下。	2
509	稍等下，信号不好，您刚说的什么啊？	我让你短信发给我看一下。	2
510	哦，那我这边先发个短信给你，您先做个了解，等您方便的时候我们可以联系的	好的好的。	2
516	稍等下，信号不好，您刚说的什么啊？	啊。	9
517	那我简单问一下哦，您不要介意（停顿2秒）您目前是上班呢还是自己做生意的？	你什么事啊。	9
531	您好，我这边是做银行信用贷款的，请问您近期有资金需求吗？	喂。	9
547	您好，我这边是做银行信用贷款的，请问您近期有资金需求吗？	好吧。	9
552	哦您在台州有房产吗?	啊。	9
566	您好，我这边是做银行信用贷款的，请问您近期有资金需求吗？	喂。	9
567	那我简单问一下哦，您不要介意（停顿2秒）您目前是上班呢还是自己做生意的？	你是做什么的？上班还是？	5
568	您好，我这边是做银行信用贷款的，您资金方面有需求吗？	你哪里的啊。	3
574	您可以稍微了解下么，我们这边也都是正规银行的，下款非常快，而且额度高利息低。	哪里人？	3
575	稍等下，信号不好，您刚说的什么啊？	你是哪里的？	5
576	我觉得这些问题噢,还是让公司的贷款专员为你解答会更好点，要不我稍后先让贷款专员给您回个电话，您看怎么样？	你是哪里的啊。	5
586	嗯，我这边没听清楚，您要么再说一遍？	你哪里有什么银行啊。	5
590	您好，我这边是做银行信用贷款的，您资金方面有需求吗？	信息多少？	4
591	嗯，我这边没听清楚，您要么再说一遍？	我说你那利息多少？	4
598	那我简单问一下哦，您不要介意（停顿2秒）您目前是上班呢还是自己做生意的？	他什么也没干，我想贷一个亿，能带不？	3
599	您可以稍微了解下么，我们这边也都是正规银行的，下款非常快，而且额度高利息低。	其实我就问你一个月能不能带，不能带就挂了。	3
608	哦，好的	pk有什么要求呢。	10
610	您好，我这边是做银行信用贷款的，您资金方面有需求吗？	李红什么鬼啊？你在哪里？哪里没有啊。	5
616	这些问题噢，我稍后让我们贷款专员给您回个电话详细介绍一下，您看怎么样！	没车没房没存款可以对吗？	10
617	嗯，我这边没听清楚，您要么再说一遍？	没车没房。	10
633	这些问题噢，我稍后让我们贷款专员给您回个电话详细介绍一下，您看怎么样！	嗯，我现在才忙好啊。	2
634	好的，那我先把产品信息发到您的手机上，您先做个了解，稍后我会安排贷款专员跟您联系，请问您贵姓啊	我说你发个信息在我手机上行吗？	2
635	哦，那我这边先发个短信给你，您先做个了解，等您方便的时候我们可以联系的	好的。	2
636	您好，我这边是做银行信用贷款的，请问您近期有资金需求吗？	你谁啊。	5
637	是这样，我们这边是专业办理银行无抵押信用贷款的，您有资金需求吗？我给您简单介绍一下	我问你是在哪里的？	5
640	额，是这样子的，我们这边都是正规银行的，下款速度快，贷款额度高而且利息低，您稍微了解下也是没有坏处的，您说对吧	老婆呢，我想这个你们也不带给我的，越来越好，越来越远。	10
649	您好，我这边是做银行信用贷款的，请问您近期有资金需求吗？	哪里的？	5
652	您好，我这边是做银行信用贷款的，请问您近期有资金需求吗？	你要把我带点给你好吧。	13
659	您好，我这边是做银行信用贷款的，请问您近期有资金需求吗？	谁呀。	5
672	您好，我这边是做银行信用贷款的，您资金方面有需求吗？	你是哪里的？	5
673	是这样，我们这边是专业办理银行无抵押信用贷款的，您有资金需求吗？我给您简单介绍一下	你是什么地方的？你好。	5
686	您可以稍微了解下么，我们这边也都是正规银行的，下款非常快，而且额度高利息低。	关键，锻炼啥呀？我有个逾期信用卡呀。	10
694	您好，我这边是做银行信用贷款的，请问您近期有资金需求吗？	搞什么你好？	5
695	是这样，我们这边是专业办理银行无抵押信用贷款的，您有资金需求吗？我给您简单介绍一下	你是什么银行的？	5
696	您看这样好不好，其他的问题稍后我让贷款专员给您回个电话，再具体介绍一下，您看可以吧？	在哪里呀。	8
706	那您的工资是打卡还是发现金呢?	啊。	9
711	您好，我这边是做银行信用贷款的，请问您近期有资金需求吗？	喂。	9
712	那我简单问一下哦，您不要介意（停顿2秒）您目前是上班呢还是自己做生意的？	只要你是谁啊。	9
715	您好，我这边是做银行信用贷款的，请问您近期有资金需求吗？	挖。	9
716	那我简单问一下哦，您不要介意（停顿2秒）您目前是上班呢还是自己做生意的？	你说什么啊。	9
721	您好，我这边是做银行信用贷款的，请问您近期有资金需求吗？	目前不要什么银行啊。	5
722	额，是这样子的，我们这边都是正规银行的，下款速度快，贷款额度高而且利息低，您稍微了解下也是没有坏处的，您说对吧	怎么不在了？	10
741	您好，我这边是做银行信用贷款的，您资金方面有需求吗？	死啦啦，吃饭。	9
749	您好，我这边是做银行信用贷款的，您资金方面有需求吗？	什么东西喂？	9
762	我们公司是专业做贷款的，我们的业务也是很全面的，保单也是可以做的	爆缸。	9
775	您好，我这边是做银行信用贷款的，请问您近期有资金需求吗？	你能贷多少贷一百万两百万。	3
776	那我简单问一下哦，您不要介意（停顿2秒）您目前是上班呢还是自己做生意的？	谢谢啊不需要，最多送一百个100万元的玩具传给我吗？	3
793	您好，我这边是做银行信用贷款的，您资金方面有需求吗？	大哥咋啦。	9
810	您可以稍微了解下么，我们这边也都是正规银行的，下款非常快，而且额度高利息低。	留下理想。	4
823	您好，我这边是做银行信用贷款的，您资金方面有需求吗？	那是呀，你是谁啊。	5
830	您可以稍微了解下么，我们这边也都是正规银行的，下款非常快，而且额度高利息低。	你怎么办呢。	10
848	您看这样好不好，其他的问题稍后我让贷款专员给您回个电话，再具体介绍一下，您看可以吧？	啊。	9
850	您好，我这边是做银行信用贷款的，请问您近期有资金需求吗？	王洋。	9
851	那我简单问一下哦，您不要介意（停顿2秒）您目前是上班呢还是自己做生意的？	我让你问你是干什么的，不需要爱。	5
853	您可以稍微了解下么，我们这边也都是正规银行的，下款非常快，而且额度高利息低。	你说明天清楚，喂。	9
855	额，是这样的，我们公司这边是主要做线上理财以及线下贷款的金融公司，您如果有资金方面的需求，我们可以为您提供服务	你就听得到我说话吗？	9
856	不好意思啊，你请说	知道了，你刚才讲什么我都没听到呢，他的手机滑了一下。	9
860	那我简单问一下哦，您不要介意（停顿2秒）您目前是上班呢还是自己做生意的？	您俩。	5
866	稍等下，信号不好，您刚说的什么啊？	我没说话，你闺女都在你的心里在说话吧。	9
868	您好，我这边是做银行信用贷款的，请问您近期有资金需求吗？	啊。	9
869	那我简单问一下哦，您不要介意（停顿2秒）您目前是上班呢还是自己做生意的？	什么东西啊。	9
870	那我简单问一下哦，您不要介意（停顿2秒）您目前是上班呢还是自己做生意的？	听不清楚你说什么东西？	9
871	那我简单问一下哦，您不要介意（停顿2秒）您目前是上班呢还是自己做生意的？	什么东西啊。	9
875	额，是这样子的，我们这边都是正规银行的，下款速度快，贷款额度高而且利息低，您稍微了解下也是没有坏处的，您说对吧	你哪里啊。	5
878	那我简单问一下哦，您不要介意（停顿2秒）您目前是上班呢还是自己做生意的？	我说你在哪里呢。	8
881	您好，我这边是做银行信用贷款的，请问您近期有资金需求吗？	喂。	9
883	哦您在台州有房产吗?	干嘛呀。	9
891	您好，我这边是做银行信用贷款的，请问您近期有资金需求吗？	那你要几个呀。	3
892	那我简单问一下哦，您不要介意（停顿2秒）您目前是上班呢还是自己做生意的？	我不漂亮，我跟他说你有女朋友了。	3
902	您好，我这边是做银行信用贷款的，请问您近期有资金需求吗？	还没有哪个银行啊。	5
903	您可以稍微了解下么，我们这边也都是正规银行的，下款非常快，而且额度高利息低。	哦，财富多少？	3
904	稍等下，信号不好，您刚说的什么啊？	我说你们可以都说带多少了解多少？	3
914	您可以稍微了解下么，我们这边也都是正规银行的，下款非常快，而且额度高利息低。	你们不出来有什么用啊。	10
921	额，是这样子的，我们这边都是正规银行的，下款速度快，贷款额度高而且利息低，您稍微了解下也是没有坏处的，您说对吧	那个黑户可以吗？	10
928	您好，我这边是做银行信用贷款的，请问您近期有资金需求吗？	怎么了呀。	9
934	您好，我这边是做银行信用贷款的，您资金方面有需求吗？	喂。	9
956	您好，我这边是做银行信用贷款的，请问您近期有资金需求吗？	谁？	9
959	额，是这样子的，我们这边都是正规银行的，下款速度快，贷款额度高而且利息低，您稍微了解下也是没有坏处的，您说对吧	嗯，那你有什么产品？	5
960	嗯，我这边没听清楚，您要么再说一遍？	我说你，你有什么产品就是，你说的。	5
968	您好，我这边是做银行信用贷款的，请问您近期有资金需求吗？	怎么？	9
984	您好，我这边是做银行信用贷款的，您资金方面有需求吗？	我绝对给你好了。	13
988	您好，我这边是做银行信用贷款的，您资金方面有需求吗？	有需要就得给我，怎么啦？你把你的电话。	10
991	那您的工资是打卡还是发现金呢?	啊。	9
992	哦您在台州有房产吗?	还有房产，老婆，孩子还是车子都没有，手机也没有能带吗？	10
993	这样子啊，那您应该有车子吧？	没有啊，来打我一个。	10
1005	您好，我这边是做银行信用贷款的，请问您近期有资金需求吗？	哦，我96岁了，还可以啊。	10
1009	您好，我这边是做银行信用贷款的，您资金方面有需求吗？	给我发明天什么是贷款大法的？	10
1010	嗯，我这边没听清楚，您要么再说一遍？	我说你这里贷款怎么贷法？	10
1014	您好，我这边是做银行信用贷款的，请问您近期有资金需求吗？	喂。	9
1016	额，是这样子的，我们这边都是正规银行的，下款速度快，贷款额度高而且利息低，您稍微了解下也是没有坏处的，您说对吧	利息多少？	4
1017	那我简单问一下哦，您不要介意（停顿2秒）您目前是上班呢还是自己做生意的？	我问你历史多少啊。	4
1018	要不这样吧，一会儿我给您发送一条短信，上面会有我个人的联系方式	我问你利息多少一个月？	4
1019	嗯您说	我说多放一个月羊历是多少？	4
1020	我觉得这些问题噢,还是让公司的贷款专员为你解答会更好点，要不我稍后先让贷款专员给您回个电话，您看怎么样？	我问你贝贝那个利息多少？	4
1021	嗯，我这边没听清楚，您要么再说一遍？	你干嘛？	9
1030	您好，我这边是做银行信用贷款的，您资金方面有需求吗？	你哪个地方的？	8
1031	我们是在台州温岭光明大厦26楼，稍后我把具体地址发到您的短信上吧，您到时候查收下，上面呢，也会有我的联系方式	你可以去哪个地方？	8
1032	这些问题噢，我稍后让我们贷款专员给您回个电话详细介绍一下，您看怎么样！	今天什么鬼回来？	5
1033	稍等下，信号不好，您刚说的什么啊？	我长得明明就是那个什么鬼。	5
1040	您好，我这边是做银行信用贷款的，您资金方面有需求吗？	你哪里人啊。	8
1042	您可以稍微了解下么，我们这边也都是正规银行的，下款非常快，而且额度高利息低。	继续装傻。	4
1051	嗯，我这边没听清楚，您要么再说一遍？	啊。	9
1061	您好，我这边是做银行信用贷款的，请问您近期有资金需求吗？	答对啦。	8
1065	您好，我这边是做银行信用贷款的，您资金方面有需求吗？	你哪里啊。	5
1066	是这样，我们这边是专业办理银行无抵押信用贷款的，您有资金需求吗？我给您简单介绍一下	你是哪里，最长的地方？	5
1067	这些问题噢，我稍后让我们贷款专员给您回个电话详细介绍一下，您看怎么样！	讯飞是什么地方的？	5
1069	额，是这样子的，我们这边都是正规银行的，下款速度快，贷款额度高而且利息低，您稍微了解下也是没有坏处的，您说对吧	嗯那个你好。	5
1070	是这样，我们这边是专业办理银行无抵押信用贷款的，您有资金需求吗？我给您简单介绍一下	你奶奶个女儿的。	5
1071	嗯，我这边没听清楚，您要么再说一遍？	越来越银行。	5
1073	您要不考虑一下，我们这边是正规银行，利息低,额度高,您要是有需要的话，我们可以安排贷款专员为您服务的.	地铁多少？	4
1079	您可以稍微了解下么，我们这边也都是正规银行的，下款非常快，而且额度高利息低。	有什么遗憾呢。	5
1082	您好，我这边是做银行信用贷款的，请问您近期有资金需求吗？	你有需求啊，不然你给我多少？	3
1083	那我简单问一下哦，您不要介意（停顿2秒）您目前是上班呢还是自己做生意的？	那你在家你在江苏啊。	8
1084	您好，我这边是做银行信用贷款的，请问您近期有资金需求吗？	啊。	9
1094	您好，我这边是做银行信用贷款的，您资金方面有需求吗？	你广西那边就给你带坏了。	8
1096	您好，我这边是做银行信用贷款的，请问您近期有资金需求吗？	你哪里的？	5
1102	您好，我这边是做银行信用贷款的，请问您近期有资金需求吗？	来啦，喂。	9
1104	您好，我这边是做银行信用贷款的，您资金方面有需求吗？	贷不了款，我是我不是态度不好。	10
1105	您可以稍微了解下么，我们这边也都是正规银行的，下款非常快，而且额度高利息低。	我你要我拿什么带？	10
1106	是这样，我们这边是专业办理银行无抵押信用贷款的，您有资金需求吗？我给您简单介绍一下	你是不是要，房产证抵押了？	10
1113	好的，您这边的情况我大概了解了，您看这样子好不好，稍后让我们贷款专员亲自给您回个电话，帮你做一个具体的操作方案怎么样？	你看着怎么操作啊。	10
1115	您看这样好不好，我稍后让公司的贷款专员给您回个电话,帮你做一个具体的操作方案.	行啊，你是哪里的啊。	8
1131	您好，我这边是做银行信用贷款的，您资金方面有需求吗？	我需要你的照片给我，有什么好说的？	10
1136	这些问题噢，我稍后让我们贷款专员给您回个电话详细介绍一下，您看怎么样！	爸爸，喂。	9
1137	好的，那我先把产品信息发到您的手机上，您先做个了解，稍后我会安排贷款专员跟您联系，请问您贵姓啊	有什么事啊。	9
1151	您好，我这边是做银行信用贷款的，您资金方面有需求吗？	怎么？	9
1152	那我简单问一下哦，您不要介意（停顿2秒）您目前是上班呢还是自己做生意的？	喂。	9
1153	稍等下，信号不好，您刚说的什么啊？	给你想干什么？	9
1154	这些问题噢，我稍后让我们贷款专员给您回个电话详细介绍一下，您看怎么样！	卖房子啊。	9
1161	您好，我这边是做银行信用贷款的，请问您近期有资金需求吗？	啊。	9
1163	那您的工资是打卡还是发现金呢?	那你这是逼着明天做什么？	5
1165	您可以稍微了解下么，我们这边也都是正规银行的，下款非常快，而且额度高利息低。	你明天什么你好。	5
1166	您好，我这边是做银行信用贷款的，您资金方面有需求吗？	死啦。	9
1167	您好，我这边是做银行信用贷款的，您资金方面有需求吗？	安徽是多少？	4
1168	嗯，我这边没听清楚，您要么再说一遍？	你在哪里啊。	5
1169	我们是在台州温岭光明大厦26楼，稍后我把具体地址发到您的短信上吧，您到时候查收下，上面呢，也会有我的联系方式	广告。	4
1182	您好，我这边是做银行信用贷款的，您资金方面有需求吗？	而且目前看是不需要你什么银行。	5
1185	嗯，我这边没听清楚，您要么再说一遍？	我说你是什么银行？	5
1186	稍等下，信号不好，您刚说的什么啊？	我看你是哪家银行？	5
1215	您好，我这边是做银行信用贷款的，请问您近期有资金需求吗？	什么？	9
1227	哦您在台州有房产吗?	没有。	5
1228	嗯，我这边没听清楚，您要么再说一遍？	这又在干嘛？	9
1233	您好，我这边是做银行信用贷款的，请问您近期有资金需求吗？	怎么爱你啊。	9
1235	您好，我这边是做银行信用贷款的，请问您近期有资金需求吗？	什么你好啊。	5
1238	您好，我这边是做银行信用贷款的，您资金方面有需求吗？	你是哪个银行？	5
1252	您好，我这边是做银行信用贷款的，请问您近期有资金需求吗？	在哪里呀。	8
1265	您好，我这边是做银行信用贷款的，您资金方面有需求吗？	什么？	9
1272	您好，我这边是做银行信用贷款的，请问您近期有资金需求吗？	拜拜啦。	9
1275	您可以稍微了解下么，我们这边也都是正规银行的，下款非常快，而且额度高利息低。	饿，你好。	5
1277	哦您在台州有房产吗?	哎，你什么银行的你就告诉我吧。	5
1281	稍等下，信号不好，您刚说的什么啊？	那是多少贷款？	4
1282	这要看您申请的是什么类型贷款	那就行了。	4
1284	您好，我这边是做银行信用贷款的，您资金方面有需求吗？	你哪里的啊。	8
1289	您好，我这边是做银行信用贷款的，您资金方面有需求吗？	啊。	9
1290	那我简单问一下哦，您不要介意（停顿2秒）您目前是上班呢还是自己做生意的？	有什么事呢。	9
1291	哦您在台州有房产吗?	有什么事情吗？	9
1299	您好，我这边是做银行信用贷款的，您资金方面有需求吗？	啊。	9
1302	我们公司是做线上理财和线下贷款的金融公司,想问下您有没有这方面的需求	你太狂啊。	5
1316	您好，我这边是做银行信用贷款的，您资金方面有需求吗？	喂。	9
1317	那我简单问一下哦，您不要介意（停顿2秒）您目前是上班呢还是自己做生意的？	喂。	9
1318	哦您在台州有房产吗?	喂。	9
1319	您好，我这边是做银行信用贷款的，您资金方面有需求吗？	你哪里啦。	8
1320	是这样，我们这边是专业办理银行无抵押信用贷款的，您有资金需求吗？我给您简单介绍一下	你在哪里呀。	8
1321	台州温岭光明大厦26楼，这个晚上我可能把地址发到您的短信上，上面呢也有我的联系方式	那我办卡的时候我再去安排的话，要到你那里办事吧。	10
1322	稍等下，信号不好，您刚说的什么啊？	哇塞，要假如说要发的话到要到你那理发，要到我去看现拍的咯，要到你那个路桥去办事吧。	10
1329	您好，我这边是做银行信用贷款的，请问您近期有资金需求吗？	啊。	9
1330	那我简单问一下哦，您不要介意（停顿2秒）您目前是上班呢还是自己做生意的？	你是哪一位呀？我没听懂啊。	5
1331	哦您在台州有房产吗?	听不懂。	9
1349	您好，我这边是做银行信用贷款的，请问您近期有资金需求吗？	小v。	9
1355	您看这样好不好，其他的问题稍后我让贷款专员给您回个电话，再具体介绍一下，您看可以吧？	起码50万以上的，再加几十万个，啥时候吃饭不要喊我起床哈，因为我儿子喝了，因为我自己做的话。	3
1357	您可以稍微了解下么，我们这边也都是正规银行的，下款非常快，而且额度高利息低。	你什么银行？	5
1368	您可以稍微了解下么，我们这边也都是正规银行的，下款非常快，而且额度高利息低。	你们，你们贷款的还款是12，嗯，怎么花都是每个月都得还的。	10
1369	这样把一会我给你发个详细信息到你手机上吧，我们准备的资料还是比较简单的，比如说身份证，征信报告，工作证明，或房产证等这些就可以了。	电话给我，我就问你啊，你那边还在那让他还款的事是怎么搞的？	10
1370	您看等会让我们的贷款专员与您这边联系，说一下这个贷款流程等情况可以吗？	不是，我现在问你，这个解释很简单，你叫我，有贷款是不是啊？我还你的钱是怎么花吗？	10
1371	嗯，我这边没听清楚，您要么再说一遍？	还夸我借你的钱，我还给你说什么话，还是按年度还是自然按揭房啊，还是按月发还是月供呢？	10
1374	您好，我这边是做银行信用贷款的，您资金方面有需求吗？	喂你好。	9
1375	那我简单问一下哦，您不要介意（停顿2秒）您目前是上班呢还是自己做生意的？	干嘛？	9
1376	您好，我这边是做银行信用贷款的，请问您近期有资金需求吗？	啊，啊。	9
1381	稍等下，信号不好，您刚说的什么啊？	你他妈，你吃什么啊。	5
1389	您可以稍微了解下么，我们这边也都是正规银行的，下款非常快，而且额度高利息低。	在什么的？	5
1394	哦您在台州有房产吗?	啊。	9
1395	看您也是比较感兴趣的，要不这样吧，稍后我让贷款专员给您回电话深入沟通一下，帮您做一个具体的操作方案，你看可以吧？	啊。	9
1396	稍等下，信号不好，您刚说的什么啊？	啊。	9
1401	额，是这样子的，我们这边都是正规银行的，下款速度快，贷款额度高而且利息低，您稍微了解下也是没有坏处的，您说对吧	哎，不用不理我，我也是做这一行，我们说话啊。	13
1404	嗯，我这边没听清楚，您要么再说一遍？	啊。	9
1425	您好，我这边是做银行信用贷款的，您资金方面有需求吗？	没有你在哪里要到我的号码的呀？怎么老是打这个电话？	12
1430	您好，我这边是做银行信用贷款的，请问您近期有资金需求吗？	王。	9
1431	那我简单问一下哦，您不要介意（停顿2秒）您目前是上班呢还是自己做生意的？	什么鬼？什么时候生意？	9
1432	哦您在台州有房产吗?	啊。	9
1436	您可以稍微了解下么，我们这边也都是正规银行的，下款非常快，而且额度高利息低。	多少利息啊。	4
1446	您好，我这边是做银行信用贷款的，您资金方面有需求吗？	嗯。	9
1455	额，是这样子的，我们这边都是正规银行的，下款速度快，贷款额度高而且利息低，您稍微了解下也是没有坏处的，您说对吧	我最近不好哎。	10
1461	您好，我这边是做银行信用贷款的，您资金方面有需求吗？	哎。	9
1462	您好，我这边是做银行信用贷款的，请问您近期有资金需求吗？	我说什么？	9
1463	您好，我这边是做银行信用贷款的，请问您近期有资金需求吗？	我，不用了，你打个电话。	5
1468	您可以稍微了解下么，我们这边也都是正规银行的，下款非常快，而且额度高利息低。	哪里？	5
1469	是这样，我们这边是专业办理银行无抵押信用贷款的，您有资金需求吗？我给您简单介绍一下	你那是哪里银行啊。	5
1470	稍等下，信号不好，您刚说的什么啊？	我问你啊，你们是哪里人啊。	5
1471	嗯您说	喂，请问你们哪里是哪里好啊？	5
1476	您最近有空吗？我让公司的贷款专员给您回个电话，帮你做一个具体的操作方案,您看怎么样！	你是什么银行？我想问一下。	5
1477	额，我们这边是和台州银行合作的	这个银行合作的。	5
1490	您好，我这边是做银行信用贷款的，请问您近期有资金需求吗？	你是哪里的？	5
1496	看您也是比较感兴趣的，要不这样吧，稍后我让贷款专员给您回电话深入沟通一下，帮您做一个具体的操作方案，你看可以吧？	你是什么银行的？	5
1497	嗯，我这边没听清楚，您要么再说一遍？	喂。	9
1498	嗯，我这边没听清楚，您要么再说一遍？	你要我说什么啊。	9
1513	您可以稍微了解下么，我们这边也都是正规银行的，下款非常快，而且额度高利息低。	多少信息啊。	4
1521	嗯，您这边的情况我大致了解了，稍后呢，我让公司的贷款专员给您回电话介绍一下具体的贷款细节,您看怎么样！	暂时，你说的哪个银行的？	5
1522	我们是和台州银行合作的	在哪个银行？	5
1526	您好，我这边是做银行信用贷款的，请问您近期有资金需求吗？	不喜欢你啊。	5
1527	您可以稍微了解下么，我们这边也都是正规银行的，下款非常快，而且额度高利息低。	我跟你是什么鸟啊。	5
1528	嗯，我这边没听清楚，您要么再说一遍？	我明天打给你好了。	5
1532	您好，我这边是做银行信用贷款的，您资金方面有需求吗？	去死吧。	9
1538	您好，我这边是做银行信用贷款的，请问您近期有资金需求吗？	啊。	9
1556	您可以稍微了解下么，我们这边也都是正规银行的，下款非常快，而且额度高利息低。	你给我多少钱？	3
1557	嗯，我这边没听清楚，您要么再说一遍？	能给我多少钱？	3
1568	您可以稍微了解下么，我们这边也都是正规银行的，下款非常快，而且额度高利息低。	打折多少利息啊？有什么什么奶奶的，这就是，怎么对呀。	4
1575	您可以稍微了解下么，我们这边也都是正规银行的，下款非常快，而且额度高利息低。	信用贷款有利息。	4
1580	您好，我这边是做银行信用贷款的，请问您近期有资金需求吗？	在开车，发一个。	2
1581	您可以稍微了解下么，我们这边也都是正规银行的，下款非常快，而且额度高利息低。	我回这个啊，我在跑车，不好意思啊。	2
1586	您好，我这边是做银行信用贷款的，请问您近期有资金需求吗？	我钱太多了，你要吗？	13
1587	您好，我这边是做银行信用贷款的，您资金方面有需求吗？	喂。	9
1590	您好，我这边是做银行信用贷款的，您资金方面有需求吗？	喂。	9
1598	您好，我这边是做银行信用贷款的，您资金方面有需求吗？	我要五个亿呀，可以吗？	3
1599	那我简单问一下哦，您不要介意（停顿2秒）您目前是上班呢还是自己做生意的？	哦我问你。	3
1601	嗯，我这边没听清楚，您要么再说一遍？	问你，你说什么？	9
1602	喂，您好，您能听到我说话吗，能听到吗？	的，啊。	9
1612	您好，我这边是做银行信用贷款的，请问您近期有资金需求吗？	今天学的有压力，你们是哪个银行的？	5
1613	是这样，我们这边是专业办理银行无抵押信用贷款的，您有资金需求吗？我给您简单介绍一下	你哪一个银行？	5
1614	嗯，我这边没听清楚，您要么再说一遍？	你哪个你好？	5
1621	稍等下，信号不好，您刚说的什么啊？	我请你打pp呀。	5
1633	稍等下，信号不好，您刚说的什么啊？	我也是银行的呀。	13
1634	您看这样好不好，其他的问题稍后我让贷款专员给您回个电话，再具体介绍一下，您看可以吧？	我也是放款的好吧。	13
1648	嗯，我这边没听清楚，您要么再说一遍？	我爱你的女孩名字，黑名单可以吗？	10
1649	嗯，我这边没听清楚，您要么再说一遍？	你安的啥？	9
1650	嗯，我这边没听清楚，您要么再说一遍？	你直接讲呗。	9
1682	您好，我这边是做银行信用贷款的，您资金方面有需求吗？	哪里呀。	5
1697	您好，我这边是做银行信用贷款的，请问您近期有资金需求吗？	你哪里啊。	5
1709	您好，我这边是做银行信用贷款的，请问您近期有资金需求吗？	啊。	9
1764	是这样，我们这边是专业办理银行无抵押信用贷款的，您有资金需求吗？我给您简单介绍一下	本来人家又带了一个不辛福的银行，都可以让我陪你。	10
1767	您好，我这边是做银行信用贷款的，您资金方面有需求吗？	在什么地方啊。	8
1768	台州温岭光明大厦26楼，这个晚上我可能把地址发到您的短信上，上面呢也有我的联系方式	你做什么贷款？	5
1769	嗯，我这边没听清楚，您要么再说一遍？	啊。	9
1774	好的，您这边的情况我大概了解了，您看这样子好不好，稍后让我们贷款专员亲自给您回个电话，帮你做一个具体的操作方案怎么样？	嗯，那你那你那边利率多少？利息多少？	4
1776	好的，您这边的情况我大概了解了，您看这样子好不好，稍后让我们贷款专员亲自给您回个电话，帮你做一个具体的操作方案怎么样？	地址你知道是什么？是男人？什么你好的，不是银行的小孩都会公司是吧？	5
1790	您好，我这边是做银行信用贷款的，请问您近期有资金需求吗？	啊。	9
1793	您好，我这边是做银行信用贷款的，您资金方面有需求吗？	啊。	9
1796	您最近有空吗？我让公司的贷款专员给您回个电话，帮你做一个具体的操作方案,您看怎么样！	送什么啊。	10
1797	您最近有空吗？我让公司的贷款专员给您回个电话，帮你做一个具体的操作方案,您看怎么样！	做什么头发啊。	10
1799	您好，我这边是做银行信用贷款的，请问您近期有资金需求吗？	啊。	9
1802	嗯，我这边没听清楚，您要么再说一遍？	啊。	9
1812	这样吧，我稍后给您发个短信，上面有我的个人手机号码	你哪里是哪个银行？	5
1827	您好，我这边是做银行信用贷款的，请问您近期有资金需求吗？	喂。	9
1829	是这样，我们这边是专业办理银行无抵押信用贷款的，您有资金需求吗？我给您简单介绍一下	不需要你做到可以睡啊。	10
1838	您好，我这边是做银行信用贷款的，请问您近期有资金需求吗？	什么啊。	9
1845	您好，我这边是做银行信用贷款的，请问您近期有资金需求吗？	啊。	9
1846	那我简单问一下哦，您不要介意（停顿2秒）您目前是上班呢还是自己做生意的？	我啊，你做什么的？	5
1856	您好，我这边是做银行信用贷款的，您资金方面有需求吗？	有哪个妞啊。	5
1857	是这样，我们这边是专业办理银行无抵押信用贷款的，您有资金需求吗？我给您简单介绍一下	我说你哪个银行啊。	5
1860	您可以稍微了解下么，我们这边也都是正规银行的，下款非常快，而且额度高利息低。	你什么银行啊。	5
1888	额，是这样子的，我们这边都是正规银行的，下款速度快，贷款额度高而且利息低，您稍微了解下也是没有坏处的，您说对吧	贷款是怎么贷呀？我没有房产证，什么都没有怎么带？	10
1889	是这样，我们这边是专业办理银行无抵押信用贷款的，您有资金需求吗？我给您简单介绍一下	那就快去啊，我现在买房子正好那个时间，可是我现在那个房产就没有了，有什么用？	10
1895	稍等下，信号不好，您刚说的什么啊？	不是有个号码挺好的，我以为是你是机器人呢，我又不是没人跟我说话，连续说了三个电话，我以为。	11
1902	额，是这样子的，我们这边都是正规银行的，下款速度快，贷款额度高而且利息低，您稍微了解下也是没有坏处的，您说对吧	啊。	9
1907	嗯，我这边没听清楚，您要么再说一遍？	你是哪个地方的？	5
1909	稍等下，信号不好，您刚说的什么啊？	你说什么，啊。	9
1917	我们公司是专业做贷款的，我们的业务也是很全面的，保单也是可以做的	你在哪里呢？在做哪样？	8
1919	好的，您这边的情况我大概了解了，您看这样子好不好，稍后让我们贷款专员亲自给您回个电话，帮你做一个具体的操作方案怎么样？	胖子不让我在高速上面开车。	2
1922	是这样，我们这边是专业办理银行无抵押信用贷款的，您有资金需求吗？我给您简单介绍一下	什么什么？要怎么办呢。	10
1924	嗯，我这边没听清楚，您要么再说一遍？	喂你好哪位？	9
1938	您好，我这边是做银行信用贷款的，您资金方面有需求吗？	嗯，你是哪里啊。	5
1939	您好，我这边是做银行信用贷款的，请问您近期有资金需求吗？	你是哪里的？	5
1940	是这样，我们这边是专业办理银行无抵押信用贷款的，您有资金需求吗？我给您简单介绍一下	我知道你是哪里的车站有多远的。	5
1970	稍等下，信号不好，您刚说的什么啊？	老婆需要不需要带回家怎么用啊。	10
1977	嗯，我这边没听清楚，您要么再说一遍？	什么银行？	5
1990	您好，我这边是做银行信用贷款的，您资金方面有需求吗？	你在哪里的？	5
1996	您好，我这边是做银行信用贷款的，请问您近期有资金需求吗？	是谁啊。	5
1999	您好，我这边是做银行信用贷款的，您资金方面有需求吗？	你在哪里的？	8
1837	您好，我这边是做银行信用贷款的，您资金方面有需求吗？	我操，了。	0
1202	稍等下，信号不好，您刚说的什么啊？	王。	0
1985	那我简单问一下哦，您不要介意（停顿2秒）您目前是上班呢还是自己做生意的？	我都打滚。	0
1722	您好，我这边是做银行信用贷款的，您资金方面有需求吗？	电话。	0
1986	哦您在台州有房产吗?	哈哈，说着啥也不吃葡萄。	0
1711	这样吧，我稍后给您发个短信，上面有我的个人手机号码	请问您工作单位的全称是？	0
1785	您好，我这边是做银行信用贷款的，您资金方面有需求吗？	呀。	0
1300	嗯，我这边没听清楚，您要么再说一遍？	我听说了。	0
1604	额，是这样子的，我们这边都是正规银行的，下款速度快，贷款额度高而且利息低，您稍微了解下也是没有坏处的，您说对吧	哦，我说你爸听不懂我了。	0
714	您可以稍微了解下么，我们这边也都是正规银行的，下款非常快，而且额度高利息低。	23。	0
1690	稍等下，信号不好，您刚说的什么啊？	那就算啦，不哇。	0
895	您好，我这边是做银行信用贷款的，请问您近期有资金需求吗？	放屁。	0
82	这个，主要还是要看您个人的具体意愿的，您如果觉得不愿意走抵押，我们这边还是可以帮你操作走个人信用贷款的	啊。	0
1620	那我简单问一下哦，您不要介意（停顿2秒）您目前是上班呢还是自己做生意的？	挖。	0
1103	那我简单问一下哦，您不要介意（停顿2秒）您目前是上班呢还是自己做生意的？	若他不喜欢巨蟹。	0
1712	额，是这样的，我们公司这边是主要做线上理财以及线下贷款的金融公司，您如果有资金方面的需求，我们可以为您提供服务	感谢您的来电，祝您生活愉快，再见。	0
1841	您好，我这边是做银行信用贷款的，请问您近期有资金需求吗？	人。	0
1894	要不这样吧，一会儿我给您发送一条短信，上面会有我个人的联系方式	不知道有什么东西给我发过来。	0
466	您好，我这边是做银行信用贷款的，您资金方面有需求吗？	我在跟你聊。	0
224	额，是这样子的，我们这边都是正规银行的，下款速度快，贷款额度高而且利息低，您稍微了解下也是没有坏处的，您说对吧	你。	0
541	您好，我这边是做银行信用贷款的，请问您近期有资金需求吗？	几个月了？	0
1629	那我简单问一下哦，您不要介意（停顿2秒）您目前是上班呢还是自己做生意的？	在忙。	0
1054	稍等下，信号不好，您刚说的什么啊？	在包装呢。	0
79	您好，我这边是做银行信用贷款的，您资金方面有需求吗？	他自己放那天去医院，没洗呀。	0
470	我觉得这些问题噢,还是让公司的贷款专员为你解答会更好点，要不我稍后先让贷款专员给您回个电话，您看怎么样？	被困了。	0
442	那我简单问一下哦，您不要介意（停顿2秒）您目前是上班呢还是自己做生意的？	宝贝呀。	0
1811	您好，我这边是做银行信用贷款的，您资金方面有需求吗？	房子小，打个电话来。	0
411	您好，我这边是做银行信用贷款的，您资金方面有需求吗？	号，小毛，我听不懂。	0
170	那我简单问一下哦，您不要介意（停顿2秒）您目前是上班呢还是自己做生意的？	我听不懂啊，我说他都忘了吧。	0
1075	您好，我这边是做银行信用贷款的，您资金方面有需求吗？	没人需要啊。	0
1181	您好，我这边是做银行信用贷款的，您资金方面有需求吗？	给我发啊。	0
72	您好，我这边是做银行信用贷款的，请问您近期有资金需求吗？	你怎么这么关心别人啊。	0
1177	您好，我这边是做银行信用贷款的，您资金方面有需求吗？	不行。	1
493	您好，我这边是做银行信用贷款的，请问您近期有资金需求吗？	对了。	1
725	您最近有空吗？我让公司的贷款专员给您回个电话，帮你做一个具体的操作方案,您看怎么样！	哦，那算了，我以后有需要再说吧。	1
1117	您好，我这边是做银行信用贷款的，请问您近期有资金需求吗？	听不懂。	1
1959	额，是这样子的，我们这边都是正规银行的，下款速度快，贷款额度高而且利息低，您稍微了解下也是没有坏处的，您说对吧	我没有需要。	1
1422	您好，我这边是做银行信用贷款的，您资金方面有需求吗？	没有没有，你好，不好意思啊，我现在没事呀。	1
351	您好，我这边是做银行信用贷款的，请问您近期有资金需求吗？	不要。	1
1420	额，是这样子的，我们这边都是正规银行的，下款速度快，贷款额度高而且利息低，您稍微了解下也是没有坏处的，您说对吧	我能不还了不还，所以才问你这个钱用不到呀，要付利息干嘛呀？他现在不需要，谢谢啦。	1
1676	您好，我这边是做银行信用贷款的，请问您近期有资金需求吗？	不知道！	1
162	您好，我这边是做银行信用贷款的，您资金方面有需求吗？	不需要。	1
197	您好，我这边是做银行信用贷款的，您资金方面有需求吗？	哦不是啊。	1
579	您好，我这边是做银行信用贷款的，请问您近期有资金需求吗？	哦，不用了，你去接。	1
1203	哦您在台州有房产吗?	我还没有打过我再打给我，没有我。	1
1004	您好，我这边是做银行信用贷款的，您资金方面有需求吗？	我这会忙，没空好吧。	1
539	您好，我这边是做银行信用贷款的，请问您近期有资金需求吗？	可惜啊。	1
998	您好，我这边是做银行信用贷款的，您资金方面有需求吗？	我不需要。	1
1175	额，是这样子的，我们这边都是正规银行的，下款速度快，贷款额度高而且利息低，您稍微了解下也是没有坏处的，您说对吧	这个我不希望我了解他干嘛？	1
454	您好，我这边是做银行信用贷款的，您资金方面有需求吗？	我不想。	1
1501	您好，我这边是做银行信用贷款的，您资金方面有需求吗？	不用不用。	1
227	您好，我这边是做银行信用贷款的，您资金方面有需求吗？	我不需要。	1
931	您好，我这边是做银行信用贷款的，请问您近期有资金需求吗？	谢谢！	1
556	您好，我这边是做银行信用贷款的，您资金方面有需求吗？	我不睡这里啊。	1
833	您好，我这边是做银行信用贷款的，请问您近期有资金需求吗？	好没有？	1
703	您好，我这边是做银行信用贷款的，请问您近期有资金需求吗？	不需要不需要啊。	1
1547	您好，我这边是做银行信用贷款的，请问您近期有资金需求吗？	没有啊。	1
1701	您好，我这边是做银行信用贷款的，请问您近期有资金需求吗？	没有。	1
1509	您好，我这边是做银行信用贷款的，您资金方面有需求吗？	还不知道上哪去呀。	1
226	哦您在台州有房产吗?	我打出来不需要资金啊。	1
27	您好，我这边是做银行信用贷款的，您资金方面有需求吗？	啊不需要。	1
52	您好，我这边是做银行信用贷款的，您资金方面有需求吗？	不需要没有。	1
530	您好，我这边是做银行信用贷款的，请问您近期有资金需求吗？	我不需要，不需要。	1
137	那我简单问一下哦，您不要介意（停顿2秒）您目前是上班呢还是自己做生意的？	哦不需要我，啊。	1
1558	您好，我这边是做银行信用贷款的，您资金方面有需求吗？	不需要啊。	1
682	您好，我这边是做银行信用贷款的，您资金方面有需求吗？	哦不需要。	1
1593	您好，我这边是做银行信用贷款的，您资金方面有需求吗？	日本的不知道够用不？	1
1231	您好，我这边是做银行信用贷款的，请问您近期有资金需求吗？	哦不用标。	1
1952	嗯，我这边没听清楚，您要么再说一遍？	发发信息呀。	1
1400	您好，我这边是做银行信用贷款的，请问您近期有资金需求吗？	哎呀不用不用。	1
1027	您可以稍微了解下么，我们这边也都是正规银行的，下款非常快，而且额度高利息低。	你不要悲哀。	1
51	您好，我这边是做银行信用贷款的，您资金方面有需求吗？	老子。	1
1347	您最近有空吗？我让公司的贷款专员给您回个电话，帮你做一个具体的操作方案,您看怎么样！	不用不用了。	1
1310	我们公司是做线上理财和线下贷款的金融公司,想问下您有没有这方面的需求	人有没有事情啊。	1
958	您好，我这边是做银行信用贷款的，请问您近期有资金需求吗？	哦我现在不用。	1
1670	您好，我这边是做银行信用贷款的，您资金方面有需求吗？	哦不去呀。	1
979	您好，我这边是做银行信用贷款的，请问您近期有资金需求吗？	是啊。	1
1639	您好，我这边是做银行信用贷款的，您资金方面有需求吗？	他不需要，不需要哈。	1
1479	您好，我这边是做银行信用贷款的，您资金方面有需求吗？	老婆要不要发？	1
1674	您好，我这边是做银行信用贷款的，您资金方面有需求吗？	睡觉睡觉。	1
363	您好，我这边是做银行信用贷款的，您资金方面有需求吗？	要不要？	1
983	您好，我这边是做银行信用贷款的，请问您近期有资金需求吗？	用完没有？	1
1457	您好，我这边是做银行信用贷款的，请问您近期有资金需求吗？	了。	1
119	您好，我这边是做银行信用贷款的，请问您近期有资金需求吗？	我偶尔可不可以也没有不好意思。	1
788	您好，我这边是做银行信用贷款的，请问您近期有资金需求吗？	哦不需要。	1
533	您好，我这边是做银行信用贷款的，您资金方面有需求吗？	不。	1
1427	您好，我这边是做银行信用贷款的，您资金方面有需求吗？	都不用，不用了。	1
1157	您好，我这边是做银行信用贷款的，您资金方面有需求吗？	不要。	1
1662	您好，我这边是做银行信用贷款的，您资金方面有需求吗？	不需要谢谢啊。	1
1724	您好，我这边是做银行信用贷款的，请问您近期有资金需求吗？	而不需要。	1
223	您好，我这边是做银行信用贷款的，您资金方面有需求吗？	不需要。	1
500	您好，我这边是做银行信用贷款的，您资金方面有需求吗？	哦不需要谢谢！	1
1080	您好，我这边是做银行信用贷款的，请问您近期有资金需求吗？	那谁呀。	1
1458	您看这样好不好，其他的问题稍后我让贷款专员给您回个电话，再具体介绍一下，您看可以吧？	不要回，不要怪我没时间了。	1
383	您好，我这边是做银行信用贷款的，您资金方面有需求吗？	我不用谢谢！	1
767	您好，我这边是做银行信用贷款的，请问您近期有资金需求吗？	不行啊。	1
103	您好，我这边是做银行信用贷款的，您资金方面有需求吗？	不需要。	1
1911	嗯，我这边没听清楚，您要么再说一遍？	我们用。	1
251	您好，我这边是做银行信用贷款的，请问您近期有资金需求吗？	哦没事啊谢谢！	1
1783	额，是这样子的，我们这边都是正规银行的，下款速度快，贷款额度高而且利息低，您稍微了解下也是没有坏处的，您说对吧	哈哈，我最近来了，直接弄过也不需要了，睡觉。	1
501	额，是这样子的，我们这边都是正规银行的，下款速度快，贷款额度高而且利息低，您稍微了解下也是没有坏处的，您说对吧	我不需要办。	1
1288	您好，我这边是做银行信用贷款的，您资金方面有需求吗？	不需要。	1
1840	您好，我这边是做银行信用贷款的，请问您近期有资金需求吗？	妹妹。	1
1391	您好，我这边是做银行信用贷款的，您资金方面有需求吗？	嗯我不要黑。	1
603	您好，我这边是做银行信用贷款的，您资金方面有需求吗？	不需要。	1
415	您好，我这边是做银行信用贷款的，您资金方面有需求吗？	哦不用谢吗？	1
1505	您好，我这边是做银行信用贷款的，请问您近期有资金需求吗？	没有没有。	1
1205	您好，我这边是做银行信用贷款的，请问您近期有资金需求吗？	没。	1
534	您好，我这边是做银行信用贷款的，您资金方面有需求吗？	哦没有没有。	1
1597	额，是这样子的，我们这边都是正规银行的，下款速度快，贷款额度高而且利息低，您稍微了解下也是没有坏处的，您说对吧	那不需要不知道，我现在借给人家，我不需要钱。	1
138	您可以稍微了解下么，我们这边也都是正规银行的，下款非常快，而且额度高利息低。	我不需要钱，好吧。	1
1429	您好，我这边是做银行信用贷款的，请问您近期有资金需求吗？	我没有没有。	1
1328	您好，我这边是做银行信用贷款的，请问您近期有资金需求吗？	玲珑不需要。	1
1164	我们公司是做线上理财和线下贷款的金融公司,想问下您有没有这方面的需求	没有没有啊。	1
463	您好，我这边是做银行信用贷款的，您资金方面有需求吗？	没有需要认识啊。	1
1807	您好，我这边是做银行信用贷款的，您资金方面有需求吗？	发信息。	1
1491	是这样，我们这边是专业办理银行无抵押信用贷款的，您有资金需求吗？我给您简单介绍一下	喂喂，啊。	1
1932	额，是这样子的，我们这边都是正规银行的，下款速度快，贷款额度高而且利息低，您稍微了解下也是没有坏处的，您说对吧	嗯，我们这几天很多人要电话干嘛？	1
1459	您好，我这边是做银行信用贷款的，您资金方面有需求吗？	哦不需要哈。	1
1486	您好，我这边是做银行信用贷款的，请问您近期有资金需求吗？	哦不需要。	1
1692	您好，我这边是做银行信用贷款的，您资金方面有需求吗？	我想。	1
1338	您好，我这边是做银行信用贷款的，您资金方面有需求吗？	啊不写啊。	1
1035	您好，我这边是做银行信用贷款的，您资金方面有需求吗？	二姑姑和小故事。	1
1059	您好，我这边是做银行信用贷款的，请问您近期有资金需求吗？	希望。	1
1146	额，是这样子的，我们这边都是正规银行的，下款速度快，贷款额度高而且利息低，您稍微了解下也是没有坏处的，您说对吧	微信群。	1
1249	您好，我这边是做银行信用贷款的，您资金方面有需求吗？	我想，不想。	1
1411	您好，我这边是做银行信用贷款的，您资金方面有需求吗？	不需要了。	1
1038	您好，我这边是做银行信用贷款的，您资金方面有需求吗？	哦没有没有不好意思。	1
324	您好，我这边是做银行信用贷款的，请问您近期有资金需求吗？	他不需要。	1
572	您好，我这边是做银行信用贷款的，您资金方面有需求吗？	哦现在不需要。	1
1720	您好，我这边是做银行信用贷款的，您资金方面有需求吗？	滚。	1
1605	您好，我这边是做银行信用贷款的，请问您近期有资金需求吗？	我不要吃那些。	1
1849	您好，我这边是做银行信用贷款的，请问您近期有资金需求吗？	啊不用了。	1
1824	您好，我这边是做银行信用贷款的，您资金方面有需求吗？	那不需要谢谢！	1
156	您好，我这边是做银行信用贷款的，请问您近期有资金需求吗？	那你觉得不需要？	1
1600	您好，我这边是做银行信用贷款的，您资金方面有需求吗？	俺不用，这间房也没戏了。	1
1948	嗯，我这边没听清楚，您要么再说一遍？	我不会说，这会我用不着。	1
1028	您好，我这边是做银行信用贷款的，您资金方面有需求吗？	把那首歌。	1
1905	您可以稍微了解下么，我们这边也都是正规银行的，下款非常快，而且额度高利息低。	哈哈，嗯，不要回好啊，既然这个，这个贷款的资金打给我了解情况，我已经了解很多了，啊。	1
1960	您好，我这边是做银行信用贷款的，您资金方面有需求吗？	什么叫不要了？	1
457	您好，我这边是做银行信用贷款的，您资金方面有需求吗？	俺不需要啊。	1
573	您好，我这边是做银行信用贷款的，请问您近期有资金需求吗？	没有呀。	1
120	额，是这样子的，我们这边都是正规银行的，下款速度快，贷款额度高而且利息低，您稍微了解下也是没有坏处的，您说对吧	你不是问我哪个也没喜欢的人，不好意思。	1
1174	您好，我这边是做银行信用贷款的，请问您近期有资金需求吗？	没有。	1
612	您好，我这边是做银行信用贷款的，您资金方面有需求吗？	可惜啊。	14
1170	那我简单问一下哦，您不要介意（停顿2秒）您目前是上班呢还是自己做生意的？	上班。	14
341	哦您在台州有房产吗?	他大爷的。	14
1089	那我简单问一下哦，您不要介意（停顿2秒）您目前是上班呢还是自己做生意的？	哦上班。	14
799	那我简单问一下哦，您不要介意（停顿2秒）您目前是上班呢还是自己做生意的？	过来上班。	14
146	那我简单问一下哦，您不要介意（停顿2秒）您目前是上班呢还是自己做生意的？	多穿一点。	14
25	那您车子应该有吧？	有。	14
1448	额，是这样的，我们公司这边是主要做线上理财以及线下贷款的金融公司，您如果有资金方面的需求，我们可以为您提供服务	在哪里啊。	14
1772	嗯，我这边没听清楚，您要么再说一遍？	大金卡里的。	14
210	那我简单问一下哦，您不要介意（停顿2秒）您目前是上班呢还是自己做生意的？	我是做生意的。	14
63	那您的工资是打卡还是发现金呢?	嗯，打在卡里面啊。	14
64	嗯，我这边没听清楚，您要么再说一遍？	打到卡里面。	14
937	哦您在台州有房产吗?	嗯。	14
342	看您也是比较感兴趣的，要不这样吧，稍后我让贷款专员给您回电话深入沟通一下，帮您做一个具体的操作方案，你看可以吧？	刚刚。	14
679	我们公司是专业做贷款的，我们的业务也是很全面的，保单也是可以做的	啊，还在这里，闲的时候就联系你。	14
327	那您的工资是打卡还是发现金呢?	打过来啊。	14
1695	那我简单问一下哦，您不要介意（停顿2秒）您目前是上班呢还是自己做生意的？	我马上自己能做。	14
689	那您的工资是打卡还是发现金呢?	嗯现金。	14
237	台州温岭光明大厦26楼，这个晚上我可能把地址发到您的短信上，上面呢也有我的联系方式	嗯可以给。	14
344	嗯，我这边没听清楚，您要么再说一遍？	蒋介石的蒋。	14
1550	这些问题噢，我稍后让我们贷款专员给您回个电话详细介绍一下，您看怎么样！	这也是合理的。	14
1225	那我简单问一下哦，您不要介意（停顿2秒）您目前是上班呢还是自己做生意的？	打工的，他在哪呀。	14
1698	是这样，我们这边是专业办理银行无抵押信用贷款的，您有资金需求吗？我给您简单介绍一下	奥特，好的。	14
1514	这些问题噢，我稍后让我们贷款专员给您回个电话详细介绍一下，您看怎么样！	哈哈哈知道了。	14
201	那您的工资是打卡还是发现金呢?	大卡。	14
1128	额，是这样子的，我们这边都是正规银行的，下款速度快，贷款额度高而且利息低，您稍微了解下也是没有坏处的，您说对吧	嗯知道。	14
1109	哦您在台州有房产吗?	房产不在我名下。	14
1912	那我简单问一下哦，您不要介意（停顿2秒）您目前是上班呢还是自己做生意的？	我玩的。	14
1206	额，是这样子的，我们这边都是正规银行的，下款速度快，贷款额度高而且利息低，您稍微了解下也是没有坏处的，您说对吧	啊。	14
549	那您的工资是打卡还是发现金呢?	华建军呢？怎么了？	14
676	那您的工资是打卡还是发现金呢?	现金吧。	14
1519	哦您在台州有房产吗?	嗯没有。	14
945	感谢您的聆听那您应该有车吧	有啊。	14
990	那我简单问一下哦，您不要介意（停顿2秒）您目前是上班呢还是自己做生意的？	挖，打工呀，放个假。	14
1964	哦您在台州有房产吗?	喂。	14
1499	是这样的，我这边也是新来的话务员，对公司的一些业务还不是太熟悉，回答不了您太多的问题，您看贷款的相关细节，我稍后让贷款专员亲自回电话给您解答怎么样？	好的。	14
1494	那我简单问一下哦，您不要介意（停顿2秒）您目前是上班呢还是自己做生意的？	兄弟。	14
1539	那我简单问一下哦，您不要介意（停顿2秒）您目前是上班呢还是自己做生意的？	到哪个啦。	14
1256	好的，那我先把产品信息发到您的手机上，您先做个了解，稍后我会安排贷款专员跟您联系，请问您贵姓啊	去死呀。	14
202	哦您在台州有房产吗?	瑶瑶，我们就坐在桥上看。	14
244	好的，那我先把产品信息发到您的手机上，您先做个了解，稍后我会安排贷款专员跟您联系，请问您贵姓啊	我姓张。	14
1114	额，您看这样好吗，稍后我让我们的贷款专员直接与您联系，具体的贷款流程，我们的专员会跟你说清楚的	知道了。	14
894	那我简单问一下哦，您不要介意（停顿2秒）您目前是上班呢还是自己做生意的？	没上班没做生意。	14
1696	嗯，我这边没听清楚，您要么再说一遍？	儿子你在做？	14
1741	稍等下，信号不好，您刚说的什么啊？	是因为喜欢，当然有喽，很大。	14
1354	稍等下，信号不好，您刚说的什么啊？	我跟我玩股票的。	14
387	那我简单问一下哦，您不要介意（停顿2秒）您目前是上班呢还是自己做生意的？	我又怎么了我没话费啊，干嘛呢。	14
764	好的，那我先把产品信息发到您的手机上，您先做个了解，稍后我会安排贷款专员跟您联系，请问您贵姓啊	免贵姓朱。	14
1643	您最近有空吗？我让公司的贷款专员给您回个电话，帮你做一个具体的操作方案,您看怎么样！	俺不用不用谢谢！	14
1280	那我简单问一下哦，您不要介意（停顿2秒）您目前是上班呢还是自己做生意的？	谁说的呀。	14
345	您好，我这边是做银行信用贷款的，请问您近期有资金需求吗？	哎呦。	14
1110	嗯，我这边没听清楚，您要么再说一遍？	房子不在我自己名下。	14
200	那我简单问一下哦，您不要介意（停顿2秒）您目前是上班呢还是自己做生意的？	上班。	14
1162	那我简单问一下哦，您不要介意（停顿2秒）您目前是上班呢还是自己做生意的？	昨日上班耶。	14
312	那我简单问一下哦，您不要介意（停顿2秒）您目前是上班呢还是自己做生意的？	我做生意呀。	14
12	为了给您提供最适合的贷款方案，那我简单了解下您的基本情况吧，请问您是上班还是做生意呢？	做生意。	14
404	那我简单问一下哦，您不要介意（停顿2秒）您目前是上班呢还是自己做生意的？	我们自己赚钱吧。	14
147	哦您在台州有房产吗?	王海勇。	14
14	那您车子应该有吧？	哦没有。	14
4	我们正常的话是3个工作日就能办下来.如果您资质好资料齐全的话，也是可以当天放款的，您只需要准备好身份证等审核资料，放款了我们会通知您的	哦，这样子的呀，好了，我知道了。	14
678	没关系，那您应该有车子吧？	嗯也没有。	14
1533	那我简单问一下哦，您不要介意（停顿2秒）您目前是上班呢还是自己做生意的？	我上班啦。	14
922	是这样，我们这边是专业办理银行无抵押信用贷款的，您有资金需求吗？我给您简单介绍一下	这电话号码是你的吗？	14
879	台州温岭光明大厦26楼，这个晚上我可能把地址发到您的短信上，上面呢也有我的联系方式	在温岭是吧。	14
564	那我简单问一下哦，您不要介意（停顿2秒）您目前是上班呢还是自己做生意的？	我知道你现在在做什么呢。	14
523	那我简单问一下哦，您不要介意（停顿2秒）您目前是上班呢还是自己做生意的？	在家带娃。	14
